{
    "loss": 24.848501205444336,
    "accuracy": 0.8358447551727295
}